add ring,2022-05-11 23:22:47
add necklace,2022-05-11 23:22:47
add-shop,2022-05-11 23:22:47
add client,2022-05-11 23:22:47
client added,2022-05-11 23:22:59
add ring,2022-05-11 23:26:56
add necklace,2022-05-11 23:26:56
add-shop,2022-05-11 23:26:56
add client,2022-05-11 23:26:56
add ring,2022-05-11 23:27:16
add necklace,2022-05-11 23:27:16
add-shop,2022-05-11 23:27:16
add client,2022-05-11 23:27:16
client added,2022-05-11 23:27:33
client added,2022-05-11 23:27:46
Shops added,2022-05-11 23:27:59
add ring,2022-05-11 23:29:27
add necklace,2022-05-11 23:29:27
add-shop,2022-05-11 23:29:27
add client,2022-05-11 23:29:27
Shops added,2022-05-11 23:29:35
add ring,2022-05-11 23:30:01
add necklace,2022-05-11 23:30:01
add-shop,2022-05-11 23:30:01
add client,2022-05-11 23:30:01
Shops added,2022-05-11 23:30:11
add ring,2022-05-11 23:31:19
add necklace,2022-05-11 23:31:19
add-shop,2022-05-11 23:31:19
add client,2022-05-11 23:31:19
Shops added,2022-05-11 23:31:31
ring added,2022-05-11 23:31:51
ring added,2022-05-11 23:32:13
necklace added,2022-05-11 23:32:30
add ring,2022-05-11 23:37:25
add necklace,2022-05-11 23:37:25
add-shop,2022-05-11 23:37:25
add client,2022-05-11 23:37:25
client added,2022-05-11 23:37:39
Shops added,2022-05-11 23:37:54
Shops added,2022-05-11 23:38:06
ring added,2022-05-11 23:38:40
necklace added,2022-05-11 23:39:16
